"Station ID","Neighborhood","City","Station Type","Site"
"ICATANIA2","","Catania - S.A.LI BATTIATI - Sicily","Weatherlink Pro Vantage",""
"IVENETOB7","Sossai","Sossai","LaCrosse WS2300",""
"ITERNIWW2","Collescipoli 270 m slm (TR)","-Terni-","Davis Vantage Pro 2 wifi",""
"ICASERTA4","Meteo TelePrima TV","Caserta Nord","TelePrimaTV",""
"ILOMBARD208","Pioltello","Pioltello","Davis VP2",""
"IPALERMO12","Bagheria Nord","Bagheria","WMR 918",""
"ISICILIA109","Bagheria Centro","Bagheria","WS-1080",""
"I90580285","Meteo Farneto","Castellarano","Davis Vantage Pro2",""
"IROMAITA2","Meteo Alessandrino","Riccobelli - Roma","METEONETWORK",""
"IPESCARA11","","Alanno","stazione completa deagostini",""
"IABRUZZO64","","Altino","Oregon Scientific Wr88UV",""
"IABRUZZO37","","Canzano","WMR928N",""
"IABRUZZO43","National Park Majella","Caramanico Terme (PE)","davis vantage pro2",""
"IMOLISEC4","Sulmona","Castel Di Sangro","Davis Vantage Pro",""
"IABRUZZO77","Castel di Sangro","Castel Di Sangro","other",""
"IABRUZZO74","Citta Sant'Angelo","Citt<U+653C><U+3E30> Sant'Angelo","Davis Vantage Pro2 (Wireless)",""
"IABRUZZI2","Elice","Elice","Oregon WMR-88",""
"IABRUZZO12","","Francavilla al Mare","La Crosse 2350",""
"IABRUZZO24","","Guardiagrele","Matrix Ws2300",""
"ILAQUILA10","OFENA","L'AQUILA","PCE-FW20",""
"IABRUZZO69","","L'Aquila - Tempera","WH1081",""
"IABRUZZO59","Montesilvano","Montesilvano","PCE FWS 20",""
"IABRUZZO1","Parco Sabucchi, Pescara","Pescara","WS2300",""
"IABRUZZO52","Pianella","Pianella","",""
"IABRUZZO67","Ripa Teatina","Ripa Teatina","Oregon Scientific Professional Weather Center",""
"IABRUZZO36","","San salvo","Oregon WMR 968",""
"IABRUZZO76","san salvo","san salvo","PCE FWS 20",""
"IPESCARA3","Spoltore Meteo, Abruzzo","Spoltore","Oregon WMR88",""
"IAQSULMO1","","Sulmona","Davis Vantage Pro",""
"IABRUZZO68","Tollo","Tollo","Oregon WMR 88",""
"IABRUZZO10","","Torrevecchia Teatina","WMR 928 NX",""
"ICHIETIT2","Frazione Torre","Torrevecchia Teatina","Davis Vantage Pro 2 Plus Daytime kit",""
"ITERAMOT7","","Tortoreto1","LaCrosse Weather Pro Center 2800 Series",""
"IABRUZZO58","","San Giovanni Teatino","WRM 928NX",""
"IAGCALTA2","Stazione CaltabellottaMeteo","Caltabellotta","Amatoriale",""
"IAGLINOS2","www.isoladilinosa.com","Linosa Island","Davis Vantage Pro 2",""
"IAGRIGEN3","SANTO STEFANO QUISQ_GG","SANTO STEFANO QUISQUINA","WMR200_UV",""
"IALESSAN3","Alessandria - Piemonte","Pietra Marazzi - Rete MNW/Meteo.it","Davis VP2",""
"IPIEMONT89","Stazione Meteo IW1GFH","Rivalta Bormida","Davis Vantage Pro 2",""
"IALVALEN3","Luna Weather Station","Valenza","Davis ISS with weatherlink IP datalogger",""
"IALESSAN9","Acqui Terme VILLA GARDINI","Acqui Terme","Davis Vantage VUE",""
"IPIEMONT13","","Novi Ligure","WS2100",""
"IPIEMONT122","IPIEMONT122","Pontecurone","WMR200",""
"IANANCON1","","Ancona (urban area)","Davis Vantage Pro",""
"IANCONAA3","","Ancona Passetto","Davis Vantage Vue",""
"IANCONAC2","Castelfidardo 158m","Castelfidardo","Davis Vantage Pro Plus",""
"IANCONAC3","CSRCamerano","CSR_Camerano","Lacross 2357",""
"IANOSIMO2","","Osimo","WS-1090",""
"IANCONAM3","Montignano","Montignano","",""
"IANCONAO2","IZ6WLF METEO","Osimo Stazione","Oregon WMR200",""
"IAOGRESS1","","Gressan","Davis Vantage Pro",""
"IAOSTAAO3","Loc. Moncenis","Aosta","Davis Vantage Pro2 (Cabled)",""
"IAOSTACH2","Promiod","Chatillon","WH-1081PC",""
"IAPMASSI3","","Massignano","Tecnoline ws2800",""
"IAPULIAC2","","Cassano Delle Murge","LaCrosse WS2300",""
"IAREZZOA2","Bagnoro","Arezzo","Peet Bros ULTIMETER 2100 PRO",""
"IAREZZOA4","S.Giuliano","Arezzo","PCE FWS20",""
"IAREZZOB4","Bibbiena","Bibbiena","Davis Vantage Pro2 (Wireless)",""
"IAREZZOA3","","Ripa di Olmo","PCE-FWS 20",""
"IAREZZOS2","","san giovanni valdarno","lacrosse 2350",""
"IAVCALIT2","Calitri","Calitri","La Crosse WS-2355",""
"IAVMONTO2","Montoro Inferiore","Montoro Inferiore","PCE-FWS 20",""
"IAVELLIN8","","Mercogliano","De Agostini",""
"IRMROME9","Bari, stadio San Nicola","Bari","Davis Vantage Pro",""
"IBASANTE2","Santeramo Meteo - Jazzitiello","Santeramo In Colle","La Crosse WS2813",""
"IPUGLIAA8","Liceo CAGNAZZI","Altamura","Davis Vantage Pro 2 plus",""
"IBARIBAR2","Carrassi - Carbonara","Bari","Davis Vantage Vue (Wireless)",""
"IBARICAS2","Meteo Castellana","Castellana Grotte","Weather Display",""
"IBARINOC2","Noci","Noci","Davis Vantage Vue",""
"IBARIPUT4","Meteo Putignano","Putignano","WMR 918",""
"IBARIPUT5","Putignano (BA)","Putignano, zona Parco Grande","Davis Vantage Pro 2",""
"IBARITER1","Terlizzi","Terlizzi","DAVIS VANTAGE PRO 2",""
"IBARITER2","Terlizzi Sud (Villa Cappelli)","Terlizzi","OREGON WMR-88",""
"IBARIVAL2","","Valenzano","DEAGOSTINI",""
"IPUGLIAN3","Noicattaro - Domenico Fortunato -","Noicattaro","Wmr 200 Oregon Scientific",""
"IBASILIC21","","Castelmezzano","PCE-FWS 20",""
"IBASILIC19","Matera - CGS","Matera","",""
"IBASILIC8","","Miglionico","davis vantage pro 2",""
"IPZPOTEN3","","Potenza","WS2350",""
"IBARICAN2","Canosa di P. - Zona167","CANOSA DI PUGLIA","Palomar-DEA-CEM",""
"IALLEGHE2","Alleghe - Dolomiti - Belluno","Alleghe","La crosse ws 2350 - Sh. Davis Passive",""
"IBELLUNO15","Centrometeodolomiti New Bassani Auto","Arsie","WS2357",""
"IVENETOB5","Cusighe Meteo","Belluno","La Crosse WS2350",""
"ICARFONC2","Solo Temperatura e Umidità","Canale D' Agordo","La crosse ws 2300 - Davis 7714",""
"IVENETOC5","Cencenighe Agordino","Cencenighe Ag.","La Crosse WS2350",""
"IBELLUNO8","Cencenighe - Zona Lago","Cencenighe Agordino","La Crosse WS 2350",""
"IVENETOL7","Arabba Dolomiti Belluno","Livinallongo Del Col Di Lana","La Crosse 3600",""
"IBELLUNO11","Alleghe - Dolomiti - Belluno - Dolomiti","Rocca Pietore","La Crosse WS 2350",""
"IVENETOS8","San Tomaso Ag. - Forchiade SR 203 - Agordino","San Tomaso Agordino","La Crosse WS 2350 Davis 7714",""
"IBELLUNO12","Selva di Cadore - Val Fiorentina - Dolomiti","Selva Di Cadore","La Crosse WS 2350 - Schermo solare Davis Passivo",""
"IBELLUNO4","Taibon - Agordo - Belluno","Taibon Agordino","La Crosse WS2350",""
"IBELLUNO5","Voltago, Belluno, Dolomiti","Voltago Agordino","La Crosse WS2350",""
"IBERGAMO1","Bergamo","Centro - Zona Stadio","Davis Vantage PRO2 Day Fan",""
"ILOMBARD21","Lovere","Lovere","WMR-968",""
"IBERGAMO14","Albino","Mt Misma","",""
"ILOMBARD153","San Giovanni Bianco","San Giovanni Bianco","Davis Vantage Pro2",""
"ILOMBARD177","","Scanzorosciate","WMR 88a",""
"IBERGAMO2","","Seriate sud (BG)","Wmr 968",""
"IBGBRIGN1","Brignano Gera d'Adda","Brignano Gera d'Adda","Davis VantagePro2",""
"ILOMBARD71","Fornovo San Giovanni","Fornovo San Giovanni","Meteonetwork ( DeAgostini )",""
"I90580581","Treviglio","Treviglio","Davis VantagePro2",""
"IBIELLAV4","BIELLA","Valdengo","pce-fws 20",""
"IBIELLAV2","Biella","Valle Mosso","Davis Vantage Pro 2 (24h fan aspirated)",""
"IBLBELLU1","Limana","Belluno","La Crosse WS2300",""
"IBLCANAL2","","Canale D'Agordo","",""
"IBLBELLU3","Belluno-Castion","Castion di Belluno","Davis Vantage Pro",""
"IBELLUNO6","Giamosa - Belluno","Giamosa - Belluno","Davis Vantage Vue",""
"IBOLOGNA29","Bologna","Bologna","Davis Pro2",""
"IBOLOGNA19","Medicina","Medicina","T/H/R Davis",""
"IBZSANTA2","Colraiser - Santa Cristina in Valgardena","Colraiser - Santa Cristina - Valgardena","Davis Weatherlink Pro",""
"ITRENTIN11","Ortisei - Ortisei Valgardena","Ortisei - Via Sacun 44 - Valgardena","Davis Weatherlink Pro Plus",""
"IBOLZANO3","Seceda - Ortisei - Val Gardena","Seceda - Ortisei - Valgardena","Weather Display",""
"ITRENTIN18","Kristiania - Cristina - Val Gardena","Selva Di Val Gardena","Weather Link",""
"IBOLZANO9","Solda","Solda","Davis vantage vue",""
"IBOLZANO10","Cesa Larjei","St. Ulrich","Ambient Weather WS-1000 (Wireless)",""
"IBOLZANO8","Centrometeodolomiti.it Gassenhof","Val Ridanna","La Crossw WS3600",""
"IBOLZANO11","Vals","Vals/Muehlbach","TE857",""
"IBOZENRE2","Schöneben","Reschen","",""
"IBRESCIA6","Casaglio","Gussago","Davis Vantage Pro2 24h fan aspirated",""
"IBRESCIA15","iseo","Iseo","deAgostini meteonetwork",""
"IBRESCIA14","Montirone","Montirone","PCE-FWS 20",""
"IBRESCIA7","","Sellero","Meteo di Sellero",""
"IBRESCIA8","Toscolano Maderno","Toscolano Maderno","Davis Vantage PRO 2",""
"IBRESCIA11","Niardo","Valcamonica","PCE-FWS 20",""
"IBTBARLE2","Barletta - Zona Castello","Barletta","LaCrosse Technology WS2308",""
"IPUGLIAS8","","San Ferdinando di Puglia","PCE-FWS 20",""
"IBZSANDI2","","Sand In Taufers","Froggit HP1000",""
"ICAGLIAR7","Stazione Settimo","Settimo San Pietro","Meteonetwork DEA",""
"ICALABRI44","Bisignano","Bisignano","pce 20 fws",""
"ICALABRI4","Corso Umberto I - lato sud","Brancaleone","Fine Offset WH3080",""
"ICALABRI38","Catanzaro","Catanzaro","WMRS200UV",""
"ICALABRI43","","Decollatura","Vantage Davis Pro 2",""
"ICALABRI11","","LUZZI","",""
"ICALABRI32","Pizzo Calabro","PIZZO","WH1080",""
"ICALABRI18","","Rende","",""
"ICALABRI40","Liceo Guarasci","Soverato","Davis Vantage Pro 2",""
"ICATANZA8","","Soverato","PCE-WX 1080",""
"ICALABRI24","Vibo Valentia","Tropea","Davis Pro 2",""
"ICALTANI3","Via Piave","Caltanissetta","LaCrosse WS2800",""
"ISICILIA20","","Gela","Oregon WMR200",""
"ICAMPANI18","","Afragola","PCE-FWS20",""
"ICAMPANI71","","Altavilla Silentina","de agostini",""
"ICAMPANI87","Miseno - Bacoli","Bacoli","Davis Vantage Vue (Wireless)",""
"ICAMPANI28","","Meta","oregon wmr928nx",""
"INAPLESN1","Naples","Naples","Huger Cabled",""
"ICAMPANI25","Pontelandolfo","Pontelandolfo","Davis Vantage Pro2 (Wireless)",""
"INAPOLIP2","","Pozzuoli","",""
"IFRIULIV37","Carlino Meteo","Carlino","Amatoriale",""
"ICASERTA9","Arienzo","Arienzo","LaCrosse WS2800",""
"ICASERTA6","Caserta Centro","Caserta","Vantage Vue",""
"ICAMPANI6","Caserta","Garzano","garzano",""
"ICASERTA5","Caserta","Pignataro Maggiore","Oregone Scientific WMR-928",""
"ICATANIA11","Belpasso W","Belpasso","davis vp2 wireless",""
"ICATANIA16","Caltagirone","Caltagirone","La Crosse ws2357",""
"ICATANIA15","Osservatorio Astrofisico","Città universitaria","DAVIS VP2 wireless",""
"ICATANIA10","San Gregorio di Catania","San Gregorio (*MeteoSicilia*)","Davis Vantage Pro2",""
"ICBTERMO2","PANTANO BASSO MARINELLE","TERMOLI","WH1080",""
"ICHIETIA2","","Vasto","PCE-FWS 20",""
"ICLCALTA2","Zona Niscima","Caltanissetta","",""
"ICOOLGIA2","Olgiate Comasco","Olgiate Comasco","WS2305",""
"ICOMOCER4","Cermenate centro","Cermenate","other",""
"ICOMOLUR2","Lurate Caccivio","Lurate Caccivio","Welleman WS1080",""
"ICOMOMON2","MONTANO lUCINO","Montano Lucino","other",""
"ICOMOTOR2","","Torno","Davis vantage vue",""
"ICREMONA5","Ripalta Cremasca (CR)","Ripalta Cremasca","Fine Offset WH1080",""
"ICTCATAN2","Catania - Via Principe Nicola","(*MeteoSicilia*)","Davis Vantage Pro 2 with Meteohub",""
"ICTCATAN3","Catania nord-Canalicchio","Catania","Davis Vantag Pro",""
"ICATANIA1","CATANIA *MeteoSicilia*","S.Giovanni di Galermo","Davis VantagePro 2",""
"ICUNEOGO2","Gorzegno","Gorzegno","Vantage Pro2 Plus",""
"IBOLOGNA10","Medicina (BO)","25m slm","Davis VP2",""
"IRAVENNA5","","Bagnacavallo","Irox Pro x su schermo Davis 8 piatti",""
"IEMILIAR30","Bellaria Igea Marina","Bellaria Igea M. (RN)","DAVIS Vantage PRO2",""
"IEMILIAR120","","Bellaria Igea Marina","PCE-FWS20",""
"IEMILIAR66","Bologna","Bentivoglio","Stazione Meteo De Agostini",""
"IBOBORGO1","","Borgo Tossignano","Davis VP2",""
"IEMILIAR122","Terenzo","Casola di Terenzo","Davis VantageVue",""
"IEMILIAR126","","Casola Valsenio","Davis Vantage Pro 2 Wireless",""
"IEMILIAR8","","Castelvetro Di Modena","Davis Vantage PRO2",""
"IEMILIAR65","","Castenaso","La Crosse Technology 2350",""
"IEMILIAR128","Fiesso","Castenaso","LaCrosse WS2800-1-IT",""
"IRIMINIC1","Osservatorio Meteorologico","Cattolica","Davis Vp2 pro 24 hours fan aspirated",""
"IEMILIAR102","Filo di Argenta","Ferrara","Irox Pro X-2",""
"IEMILIAR47","Lagdei","Fornovo Di Taro","Davis Vantage Vue",""
"IEMILIAR70","","Lugo","",""
"IEMILIAR116","Lugo Ovest","Lugo","Oregon Scientific WMR200",""
"IEMILIAR105","Ravenna","Mezzano","PCE-FWS20",""
"IEMILIAR5","Stazione Meteo di Casa Bastiano","Montese","Davis Vantage Pro 2",""
"IEMILIAR112","","Novellara","",""
"IEMILIAR31","","Piacenza","IROX PRO-X2",""
"IEMILIAR34","Quattro Castella","Quattro Castella","Davis Vantage Pro 2",""
"IEMILIAR71","","Rimini","",""
"IEMILIAR115","zona via covignano","Rimini","Davis vantage vue",""
"IEMILIAR11","Osservatorio Astronomico - Planetario","S. Giovanni In Persiceto","Davis Vantage Pro 2",""
"IEMILIAR93","","Salsomaggiore Terme","Davis Vantage Vue",""
"IEMILIAR36","Saludecio","Saludecio","La Crosse WS2350",""
"IBOLOGNA2","Bologna","San Lazzaro di Savena","LaCrosse 2355",""
"IEMILIAR127","Ravenna","San Romualdo","Davis Vantage Vue",""
"IEMILIAR107","","Santa Maria Villiana","Dallas 1-wire",""
"IEMILIAR103","Monzuno","Valle","ws3080",""
"IEMILIAR139","Bellaria Igea Marina","Bellaria","DAVIS Vantage VUE",""
"IEMILIAR141","Medesano","Felegara","PCE FWS-20",""
"IEMILIAR142","ForlÃ¬ SanLeonardo","Forli","Oregon wmr200",""
"IEMILIAR143","Imola","Imola","Vantage Vue",""
"IEMILIAR134","Bologna","iw4cwh Bologna","Vantage Vue",""
"IEMILIAR132","","Parma","Davis VUE",""
"IEMILIAR173","Monte Canate - Pellegrino Parmense","Pellegrino Parmense","other",""
"IEMILIAR4","","Reda, Faenza","Davis Vantage Pro 2 Ventilata",""
"IEMILIAR150","Rimini, Via dell'Abete","Rimini","Davis Vantage Pro2 (Wireless)",""
"IEMILIAR163","S.G.Persiceto - Marcolfa","San Giovanni In Persiceto","other",""
"IEMILIAR164","Tosca Varsi (PR)","Tosca","other",""
"IFCCAPAN2","","Eremo S.Alberico","Davis Vantage Pro 2",""
"IFCFORLI2","Castiglione Ca' Rossa 55 m/slm","Forli'","Davis Vantage Vue",""
"IEMILIAR19","Vigarano Mainarda","Vigarano Mainarda","DAVIS VANTAGE PRO2",""
"IFERRARA3","FERRARA","COC. DI FOCOMORTO","DAVIS VANTAGE PRO2 FAN ASPIRATED",""
"IFERRARA7","","Cocomaro di Cona","",""
"IEMILIAR137","Zona Hospital Comacchio","Comacchio","Vantage Pro 2",""
"IFERRARA8","Mezzogoro (FE)","Mezzogoro","Davis VP2",""
"IFGVIEST2","Centro Storico","Vieste","Vantage Vue",""
"IFOGGIAT2","Torremaggiore","TORREMAGGIORE","Davis Vantage Pro2",""
"IFIRENZE16","Firenze","Capraia Fiorentina","lacrosse 2350",""
"IFIRENZE12","","Montelupo Fiorentino","Ws 2350",""
"IFIRENZE6","Vicchio","Vicchio","Davis Vantage VUE",""
"IFLORENC2","","Florence (Firenze)","Davis Vantage Vue",""
"IFOGGIAM2","Terra Apuliae","Manfredonia","DeAgostini",""
"IEMILIAR79","Castiglione 75 m, www.meteoforli.it","Forli'","Davis Vantage Pro 2",""
"ILAZIOPO3","","Pontecorvo","DAVIS VantageVUE",""
"IFRIULIV60","","Treppo Grande","Davis Vantage Vue",""
"IFRIULIV64","Aiello del Friuli","Aiello Del Friuli","PCE-FWS 20",""
"IFRIULIV53","","Budoia","Davis Wireless Vantage pro2 Plus",""
"IFRIULIV15","Udine","Campoformido","Davis Vantage Pro 2 Plus",""
"IFRIULIV41","Chiusaforte","Chiusaforte","Oregon Scientific WMR88",""
"IFRIULIV40","","Cordovado","De Agostini",""
"IFRIULIV18","","Fogliano Redipuglia","DeAgostini Meteonetwork",""
"IFRIULIV46","IGORIZIA2","Gorizia","ws2300",""
"IFRIULIV57","","Monfalcone","Davis Vantage Pro2",""
"IFRIULIV62","Via dell'Asilo","Pagnacco","Oregon Scientific",""
"IFRIULIV66","Prosecco","Prosecco-contovello","other",""
"IFRIULIV56","Ragogna","Ragogna","RaspberryPI WS2330",""
"IFRIULIV38","Udine","Remanzacco","Davis Vantage Pro 2",""
"IFRIULIV16","","Staranzano","Davis Vantage Pro2",""
"IFRIULIV72","Abisso di Trebiciano VG 17","Trebiciano","other",""
"IITALIAT2","chiadino/rossetti","Trieste","davis vantage pro.cable.ventil 24h",""
"I90581032","Udine","Udine","ws2300",""
"IFRIULIV43","Zoppola","Zoppola","Davis Vantage pro2",""
"IFROSINO5","","Anagni","Davis Vantage Pro2",""
"ILAZIOIS2","","Isola del Liri","WMRS-200 oregon scientific",""
"IGEGENOV2","Genova-Staglieno","Genova","Davis, Vantage PRO2",""
"IGENOVAG3","Genova - S. Fruttuoso","Genova","Davis Vantage Pro 2",""
"IGENOVAG2","Apparizione (Genova)","Genova","La Crosse ws3600 (wireless)",""
"ILIGURIA20","","Moneglia","davis vantage pro 2",""
"IGORIZIA3","Fogliano Redipuglia","Fogliano Redipuglia","Oregon Scientific WMRS200",""
"IGORIZIA2","","Gorizia","Davis",""
"IGROSSET8","Ponti di Badia - Castiglione della Pescaia","Castiglione della Pescaia","LaCrosse WS2350",""
"IIMIMPER2","Imperia Meteo","Imperia","Oregon Scientific WMR-968",""
"IIMPERIA2","METEO IMPERIA","IMPERIA","davis vantage pro2",""
"IIMPERIA4","","Pontedassio","La Crosse ws 2357",""
"IISISERN3","","Isernia","",""
"IBOLOGNA4","S. Giovanni in Persiceto","Bologna","Oregon WMR928NX wirless, con schermo solare ventilato",""
"IMESSINA4","Barcellona P.G. Ovest","Messina - Italy","Davis Vantage Pro 2",""
"IMODENAM4","","Modena","Davis Weather Monitor II",""
"I90579425","Rocca di Papa","RdP - Roma","Davis Vantage Pro 2",""
"IROVIGOR1","Rosolina","Rosolina","Lacrosse WS 3600",""
"ILAQUILA5","Chieti Meteo","Abruzzo","Davis Vantage Pro2 WiFi",""
"IABRUZZO48","Lanciano","Abruzzo","Davis vp2",""
"IABRUZZO49","Castelli contrada Rava","Abruzzo","Oregon WMR 968",""
"IABRUZZO63","Sant' Eusanio del Sangro","Abruzzo","Oregon WMR 88",""
"ITERAMOP5","Pineto C.da Villa Fumosa","Abruzzo","Davis Vantage Pro 2",""
"IABRUZZO72","Poggetello di Tagliacozzo","Abruzzo","OREGON WMR 88",""
"ITERAMOT4","Tortoreto Lido TE","Adriatic Sea","Davis VantagePro2",""
"ILAQUILA4","Stazione meteo","Avezzano","Oregon WMR968",""
"IITALIAB2","BOLOGNA - Zona Sterlino Murri","BOLOGNA","Davis Vantage Vue data via WeatherLinkIP",""
"IITALIAI2","Impruneta","Impruneta","other",""
"ILAZIORO18","ROMAEST 90m. slm","IW0GAU Roma","PCE FWS20",""
"IITALIAM4","Mason Vicentino-Villaraspa","Mason Vicentino","Oregon Scientific Professional Weather Center",""
"ICATANIA7","Nunziata di Mascali (CT)","NUNZIATA","La Crosse WS2357",""
"IITALIAO2","Valle Po","Ostana","Davis Vantage Pro 2",""
"IITALYCA3","Casoli (CH) 310 mt slm","Regione Abruzzo","Oregon",""
"IRETESTA2","Leonardo Da Vinci (PA)","Rete Stazioni MeteoPalermo","Davis VP2",""
"IEMILIAR101","Stazione meteo di Rimini","Rimini","La Crosse WS2355",""
"ICAMPANI70","Marina di Eboli","Sarlerno","Lacrosse WS3250",""
"IITALIAS3","","Seravezza","PCE FWS20",""
"ITOTORIN5","Regio Parco TorinoMeteo.org","Torino","Davis vantage pro2",""
"IITALIAV4","Vidor","Vidor","La Crosse ws 2300",""
"IVITERBO17","Soriano nel Cimino","Viterbo","Oregon Scientific WMR88A",""
"IITALYBA2","Brescia","Bagnolo Mella","PCE-FWS 20",""
"IBOVERGA1","Vergato - Rete MNW/CEM","Bologna","WMR928N",""
"IEMILIAR187","Casola Canina","Emilia-Romagna","other",""
"IVEMESTR1","","Fiesso d'Artico (VE)","Vantage Pro 2",""
"ITORINOF2","Groscavallo","Forno Alpi Graie","Davis Vantage Pro 2",""
"ILIVORNO2","www.clicklivorno.com","Livorno","la crosse ws-2310",""
"IPVPAVIA1","PAVIA","Lombardia","DAVIS VANTAGE PRO2",""
"IITALYNA2","Napoli","Napoli","Davis Vantage Vue",""
"IPALERMO7","Bobhouse Weather Station","Palermo-Nord","OREGON SCIENTIFIC wmr 918 Wireless",""
"ILOMBARD14","Stazione Meteo di Pavia","Pavia","La Crosse WS-2300",""
"I90579414","Savona Meteo","Savona","Davis Vantage Pro 2 Plus",""
"ITRAPANI1","Partanna","TP","Davis Vantage Pro wireless",""
"ITRENTOG1","Gardolo","Trento Nord","wmr968",""
"IL'AQUI1","Avezzano","Avezzano","Davis Vantage Pro",""
"ILAQUILA8","L'AQUILA","PIZZOLI","ws-2350 LACROSSE",""
"IABRUZZO75","Scoppito","Scoppito, IT","Davis Vantage Pro2 Plus (Wireless)",""
"ILASPEZI3","","Varese Ligure","pce- fws20",""
"ILAZIOCI9","Stazione Meteo Cisterna Centro","Cisterna Di Latina","WS-1080",""
"ILAZIOAL5","Albano Laziale","Albano Laziale","Davis Vantage Vue (Wireless)",""
"ILAZIOAN3","Lavinio","Anzio","Davis Vantage Pro2 Mod. 6153",""
"ILAZIOAR6","Ardea","Ardea","PCE-FWS 20 (WH1080)",""
"ILAZIOCA7","abruzzo-lazio appennino","Campoli Appennino","Lacrosse W2300",""
"ILAZIOCA3","","Caprarola","Davis VP2",""
"ILAZIOCA2","Castel Madama","Castel Madama","WH3080",""
"ILAZIOAL3","","Cecchina","DeAgostini-Meteonetwork",""
"ILAZIOCI7","Ciampino","Ciampino","WH 1080",""
"IFROSINI2","Colfelice","Colfelice","LaCrosse WS2350",""
"ILAZIORO63","","Colle Prenestino (RM)","WMR88 Oregon",""
"ILAZIOCO7","Colleferro Scalo","Colleferro","OREGON WMR 88",""
"ILAZIOFI2","","Fiumicino","WS 2350",""
"ILAZIOFO6","","Fontana Liri","wx2008",""
"ILAZIOFO2","Formia(LT)","Formia","Lacrosse 2350",""
"ILAZIOFR2","Zona Corso lazio","Frosinone","Davis Vantage PRO 2 autoventilata 24/24h",""
"ILAZIOLA7","","Lanuvio","De Agostini",""
"ILAZIOLA11","Lanuvio - IZ0PWZ Test FARM","Lanuvio","other",""
"ILATINAL2","Latina Centro","Latina","WS-2350",""
"ILAZIOLA8","Stazione Meteo di Latina Nord","Latina","Davis VP2 wireless",""
"ILAZIOLA13","Centrale Biogas","Latina","",""
"ILAZIOLA4","Meteolatina","Latina Sud","La Crosse WS-2350",""
"ILAZIOMA4","","Marino","De Agostini",""
"ILAZIONE3","Nettuno","Nettuno","PCE FWS-20",""
"ILAZIONE5","Nettuno","Nettuno","ws2350",""
"ILAZIONO2","","Norma","Davis Vantage Pro 2 Plus",""
"ILAZIOPA2","Palestrina","Palestrina","Oregon Scientific Professional Weather Center",""
"ILAZIOPO4","Pomezia","Pomezia","Oregon Scientific WMR-88",""
"ILAZIOVE6","Vetozza","Rieti","Vantage Pro 2",""
"ILAZIORO21","","Rocca Priora","Davis Vantage Pro2 Ventilata H24",""
"ILAZIORO31","Roccasecca (FR) Via Cappella","Roccasecca","DeAgostini meteonetwork",""
"ILAZIORO4","Casal Brunori","Roma","Davis vantage pro 2",""
"ILAZIORO12","Roma - Batteria Nomentana","Roma","Lacrosse Ws2350",""
"IROMEROM5","Largo Preneste","Roma","Davis Vantage Pro 2",""
"ILAZIORO27","Cecchignola","Roma","Davis Vantage Vue",""
"ILAZIORO38","Spinaceto","ROMA","Davis 6163 VP2 Plus",""
"ILAZIORO41","Annunziatella - Tor Carbone","Roma","Oregon Scientific WMR88",""
"ILAZIORO43","Cecchignola","Roma","Davis Vantage Pro2",""
"ILAZIORO52","Pineta Sacchetti Davis","Roma","DAVIS Pro 2",""
"ILAZIORO64","Giardino di Roma","Roma","La Crosse 2357",""
"IITALIAR4","Serpentara","Roma - Vigne Nuove","Davis Vantage Pro2 (Wireless)",""
"IROMAROM3","Roma Ardeatina - Appia Antica Caffarella","Rome","WMR928NX",""
"ILAZIORO67","Casale San Nicola","Rome","other",""
"ILAZIORO59","Roma Ardeatina - Grotta Perfetta","Rome","WMR928NX",""
"ILAZIOVI22","Ronciglione","Ronciglione","Davis Vantage VUE",""
"ILAZIOSA2","","Sacrofano","Elecsa AT6975",""
"ILAZIOSE11","Zona Rossilli 300 mt slm","Segni","Davis vp2",""
"ILAZIOSE9","Setteville Nord","Setteville","Oregon Scientific WMRS200, THGN801, PCR800R, WGR800.",""
"ILAZIOSO2","","Sora","Wmr 100",""
"ILAZIOSO4","","Sora","Davis Vantage Pro 2",""
"ILAZIOTE2","","Tecchiena","Davis VP2 plus",""
"ILAZIOAL6","","Tecchiena di Alatri","Davis Vantage Pro 2",""
"ILAZIOTO2","Torvajanica Alta, Pomezia","Torvaianica Alta","Oregon Scientific Professional Weather Center",""
"ILAZIOVA2","Valentano.net","Valentano","Davis Vantage Pro2 (Cabled)",""
"ILAZIOVE3","","Velletri","Meteonetwork",""
"ILAZIOVE5","Paganico","Velletri","PCE-FW20 schermo solare autocostruito Ventilatazione forzata h24",""
"IROMAVEL2","Velletri","Velletri","PCE-FWS 20 schermo solare ventilato h24",""
"IVITERBO7","Marta","Viterbo","La Crosse WS 2305",""
"ILAZIOVI7","","Viterbo","Davis VP2",""
"ILAZIOVI8","San Lorenzo Nuovo","Viterbo","Irox Pro X-2",""
"ILAZIOVI12","Ronciglione","Viterbo","Oregon Scientific WMR-88-A",""
"ILAZIOVI10","viterbo","Viterbo","davis vantage pro2",""
"ILAZIOVI11","Grotte Santo Stefano","Viterbo","DeAgostini",""
"IVITERBO14","Acquapendente","Viterbo","La Crosse WS 2355",""
"ILECCECA3","CastrignanoMeteo","Osservatorio Meteorologico di Castrignano de' Greci","Davis Vantage Pro II Plus",""
"ILECCEME2","","Melpignano","DAVIS VANTAGE PRO II PLUS",""
"ILECCOCA3","Carenno","Carenno","Oregon Scientifics WMR88",""
"ILECCOPA2","Parlasco","Parlasco","WS2307",""
"ILECCOLO2","Alto Lago di Como","Colico","Oregon Scientific WMR200",""
"ILIROSIG1","Rosignano","Rosignano Solvay","Davis Vantage Pro2 Plus (Cabled)",""
"ILIGURIA79","Savona","Altare","oregon scientific wmr88",""
"ILIGURIA92","","Andora","",""
"IGENOVAA2","Carlo","Arenzano","Davis Vantage Pro2 Plus (Cabled)",""
"ILIGURIA94","Genova","Bargagli","PCE-FWS 20",""
"IGENOVAB2","","Bogliasco","Davis VP2 Pro PLUS",""
"ILIGURIA86","chiavari","Chiavari","Davis Vue",""
"ILIGURIA70","Corniglia Stazione","Corniglia","Davis Vantage Pro 2",""
"ILIGURIA19","Castelletto","Genova","Oregon Scientific WMR 200",""
"ILIGURIA2","GENOVA - QUEZZI","Genova","oregon scientific wmr968nx",""
"ILIGURIA3","Genova Rivarolo","Genova","",""
"ILIGURIA10","Genova - Est","Genova","Oregon Scientific WMR88",""
"ILIGURIA24","","Genova","",""
"ILIGURIA67","Sampierdarena","Genova","wmr88",""
"ILIGURIA75","Via Tortona 50A 100mt.s.l.m.","Genova","Devis Vantage Vue",""
"ILIGURIA77","La Spezia","La Spezia","PCE-FWS 20",""
"ILIGURIA123","Villa Oneto","Leivi","Davis Vantage Vue (Wireless)",""
"ISAVONAL1","Loano Meteo di IW1PPB","Loano","LaCrosse WS2305",""
"ISAVONAQ2","Quiliano Meteo Station","Quiliano","DAVIS Vantage PRO2",""
"ILIGURIA51","SORI ( GENOVA )","Sori","DAVIS VANTAGE PRO 2 PLUS",""
"ILIGURIA55","17020 Tovo San Giacomo (SV) Italy","Tovo San Giacomo","Davis Vantage Pro 2",""
"ILIGURIA29","S. Giacomo","Varazze (SV)","",""
"ILIGURIA30","GENOVA ERZELLI","Genova - Erzelli","La Crosse WS 2800",""
"ILIVORNO11","","LIVORNO","PCE - FWS 20",""
"ILIVORNO16","Livorno","Piombino","PCE FWS 20",""
"ILODICAS2","Castelnuovo Bocca d'Adda","Castelnuovo Bocca D'Adda","Davis Vantage PRO2",""
"ILODICOD1","Milano","CODOGNO","Vantage Pro",""
"ILOMBARD36","","Fiobbio di Albino","davis pro2",""
"ILOMBARD217","Castelletto","Albairate (MI)","Oregon WMR88",""
"ILOMBARD172","albizzate","Albizzate","FineOffset Cumulus",""
"ILOMBARD151","Alzate Brianza","Alzate Brianza","Irox ProX2-USB",""
"ILOMBARD57","","Besate","WeatherWise 3081H",""
"IVARESEB1","","Besozzo","Vantage Pro 1",""
"ILOMBARD220","","Bonate Sotto (BG)","Davis Vue",""
"ILOMBARD211","Bregnano","Bregnano","Ambient Weather WS-2090 (Wireless)",""
"ILOMBARD146","","Busto Arsizio","",""
"ILOMBARD139","Sopracornola of Calolziocorte","Calolziocorte","Davis Vantage Pro 2",""
"ILOMBARD158","","Caravaggio","WMR80",""
"ILOMBARD200","","Cassano Magnago","La Crosse WS2350",""
"ILOMBARD10","Castellanza, Varese, Italy","Castellanza","Davis Vantage Pro2",""
"IBRESCIA2","Famea di Casto","Casto (Bs)","Davis Vantage Pro 2 Wirless",""
"ILOMBARD199","MeteoCividate","Cividate Al Piano","LaCrosse ws3650",""
"ILOMBARD174","","Cogliate","WS-1080",""
"ILOMBARD225","Dorno","Dorno","ws2800",""
"ILOMBARD194","Appiano Gentile","Fenegro'","La Crosse WS2800",""
"ILOMBARD227","Malpensa","Ferno","Oregon Scientific WMR180",""
"ILOMBARD74","","Gallarate","Meteonetwork",""
"ILOMBARD16","Milano","Giussano","Davis Vantage Pro 2",""
"ILOMBARD123","","Gorgonzola","Oregon WMR928NX",""
"ILOMBARD156","","Lesmo","Davis Vantage Pro2",""
"IMILIMBI1","Limbiate","Limbiate","Irox Pro X",""
"ILOMBARD46","Lipomo","Lipomo","Davis Vantage Pro 2",""
"ILOMBARD30","Lodi (San Bernardo)","Lodi","Davis Vantage Pro2 Plus Wireless 24h",""
"ILOMBARD173","lodi (viale Pavia)","Lodi","Davis Vantage Pro 2 wireless",""
"ILOMBARD3","","Lomazzo","Davis Vantage Pro2 Plus with 24-Hr Fan Aspirated Radiation Shield Wireless",""
"ILOMBARD193","","Manerba Del Garda","",""
"ILOMBARD229","Meda","Meda","Velleman WS1080",""
"ILOMBARD12","","Mezzana Bigli","Davis VP2",""
"ILOMBARD107","","Milano","Davis Vantage Pro Plus 2",""
"ILOMBARD204","MILANO - Primaticcio","Milano","OS-WMR200",""
"ILOMBARD205","milano","Milano","PCE FWS-20",""
"ILOMBARD224","Porta Vittoria","Milano","Oregon scientific WMR88",""
"ILOMBARD6","Missaglia","Missaglia","WMR968",""
"ILOMBARD38","Monza","Monza","",""
"ILOMBARD132","","Monza","Davis Vue",""
"ILOMBARD86","","Mozzate","Davis Vantage Pro 2",""
"ILOMBARD96","","Olgiate Molgora","Davis Vantage Pro 2 plus",""
"ILOMBARD145","Ornago (MB), Italia","Ornago","PCE-FWS20",""
"ILOMBARD60","Paladina","Paladina","Davis Vantage Pro 2",""
"ILOMBARD203","Pieve Emanuele","Pieve Emanuele","Oregon WRM88",""
"ILOMBARD131","","Pregnana Milanese","",""
"ILOMBARD167","Casletto di Rogeno (LC)","Provincia di Lecco","Davis Vp2",""
"ILOMBARD186","Ronago","Ronago","LaCrosse Weather Pro Center 2800 Series",""
"ILOMBARD77","","San Giuliano Milanese","Oregon Scientific WMR100",""
"ILOMBARD19","Milano","Seregno","Oregon Scientific WMR918",""
"ILOMBARD23","Santa Valeria","Seregno","Davis Vantage Pro 2",""
"ILOMBARD102","","Sesto Ed Uniti","",""
"ILOMBARD27","Milano","Sesto San Giovanni","Davis Vantage Pro 2",""
"ILOMBARD91","","SOMMA LOMBARDO","DAVIS PRO 2",""
"ILOMBARD13","","Tirano","OREGON WMR 928",""
"ILOMBARD228","","Treviglio","Davis VP2 Plus",""
"ILOMBARD212","Sacca di Esine","Valcamonica","PCE-FWS 20",""
"ILOMBARD165","S.Antonio","Valfurva","Davis Vantage Pro 2",""
"ILOMBARD218","Meteo Vigevano Radar","Vigevano","La Crosse 2800",""
"ILOMBARD5","SONDRIO","Montagna in Valtellina - Sondrio -","DAVIS VP2 PLUS - OREGON WMR 928 NX",""
"ILOMBARD254","Casei Gerola","Casei Gerola","other",""
"ILOMBARD300","MarianoComense","Mariano Comense","Davis Vantage Pro2 (Cabled)",""
"ILOMBARD79","Sangiano, Varese, Lombardia, Italy","Sangiano","Davis Vantage Pro Plus",""
"IFIFORTE2","Forte dei Marmi","Forte Dei Marmi","Davies Vantage Pro II",""
"IMACERAT4","Civitanova Marche","Civitanova Marche","WS2350 LACROSSE",""
"IMACERAT5","","Morrovalle","Oregon Scientific",""
"IMACERAT6","","San Severino Marche","PCE-FWS 20",""
"IMANTOVA5","MeteoMincio-Rivalta sul Mincio","Rivalta sul Mincio","Davis VP2 plus",""
"IMCCINGO2","","Cingoli","lacrosse 2350",""
"IMARCHEF4","","Fano","DavisVantage Pro2",""
"IMARCHEF6","MeteoTornazzano (AN)","Filottrano","Davis Vantage Pro 2",""
"IEMILIAR33","Osservatorio Meteorologico Gabicce Mare","Gabicce Mare","Lacrosse WS 2350 24h fan aspirated",""
"IEMILIAR35","Osservatorio Meteorologico di Gabicce Mare","Gabicce Mare","Davis Vantage Pro 2 Plus",""
"IMARCHEG5","","Gabicce Mare - Case Badioli","PCE-FWS 2O",""
"IMARCHEM3","www.maceratameteo.it","MACERATA","DAVIS VANTAGE PRO 2",""
"IMARCHES7","Montioli","Montioli - Sarnano","sint wind PI",""
"IMARCHEM4","Trodica di Morrovalle (mc)","Morrovalle","Oregon wmr-88",""
"IMARCHES3","San Severino Marche","San Severino Marche","PCE FWS 20",""
"IMARCHES4","Senigallia","Senigallia","Davis Vantage Vue (Wireless)",""
"IMARCHES6","SENIGALLIA","SENIGALLIA","PCE - FWS",""
"IMESSINA9","Mili San Marco","Mili San Marco","Davis VP2",""
"IMELDOLA2","MELDOLA (M. PALARETO)","Meldola","Davis Vantage Pro2 (Wireless)",""
"IBOLOGNA15","Valle del Samoggia - localita' Monteveglio","Stiore di Monteveglio","LaCrosse Weather Pro Center 2800 Series",""
"IMESSINA8","","Barcellona Pozzo Di Gotto","Davis Vantage PRO 2",""
"IMESSINA5","Brolo","Brolo","Davis Vantage Pro2 (Wireless)",""
"IMESSINA11","Giampilieri Sup.","Messina","ws2357",""
"IMIMILAN13","","Milano","Davis Vantage Pro 2",""
"IMILANOM6","CORSICO PARCO SUD","Corsico (MI)","Davis Vantage Pro 2",""
"IMILANOR2","Roveda di Sedriano (MI)","Milano","Vantage Pro 2",""
"IMILANOM4","Milano, Cimiano","Milano","davis vantage pro 2",""
"IMILANOS10","Ceredo","Seregno","Davis Vantage Pro Plus 2",""
"IMNMANTO1","Mantova","Mantova","Oregon WMR 918",""
"IMOMONTE1","Lama Mocogno (MO)","Montecenere","Vantage Pro Plus",""
"IMODENAF3","Fellicarolo","Fellicarolo di Fanano","davis vantage pro2 wirless",""
"IMODENAS7","","M.te Cimone","Davis Vantage Pro 2",""
"IMODENAM3","Maranello","Maranello","Davis Vantage VUE",""
"IMODENAP2","","Prignano Sulla Secchia","Davis Vantage Vue",""
"IMODENAS4","IW4EJK HAMRADIO / APRS METEO","Savignano S.P.","laCrosse WS3600",""
"IMOLISEB2","","Baranello","Davis Vantage Pro2",""
"IMOLISEF2","","Campobasso","Extraurbana",""
"IMOLISEN2","Ferrazzano","Nuova Comunita'","PCE-FWS 20",""
"IMOLISEN3","Ferrazzano","Nuova Comunita'","Oregon Scientific WMR180",""
"IMOLISES3","Molise","San Massimo","In campo aperto",""
"IMONZABR2","","Lissone","Davis vantage vue",""
"INAPROCI2","Ciraccio","Procida","PCE FWS 20",""
"ICAMPANI83","Portici","Portici","Netatmo Urban Weather Station",""
"INAPLESP1","","Quarto","Davis Vantage Pro",""
"INAPOLIB2","Boscotrecase (C.S.S. ""Nicolò d'Alagno"")","Boscotrecase","Lacrosse WS 2316",""
"INAPOLIN5","Napoli Camaldoli","Napoli","Davis Vantage Vue",""
"INAPOLIN6","Napoli","Napoli","other",""
"INAPOLIP5","Palma C. - Staz. IZ8GEL","Palma Campania","La Crosse WS 2357",""
"ICALABRI36","Belcastro Marina (CZ)","Calabria","Davis Vantage VUE",""
"INOVARAC2","NOVARA","Cameri","VENTUS W928",""
"IMOMIRAN1","Mirandola - San Possidonio","Mirandola (Mo)","Davis VPro2 semiPlus wireless",""
"INOTOLID2","Lido di Noto - (*MeteoSicilia*)","Lido Di Noto","Davis Vantage Pro 2 with metehub",""
"INOVARAB2","Novara","Bellinzago Novarese","Davis Vantage Pro2",""
"INOVARAC3","","Cavallirio","Davis Vantage Pro2 24h Fan Aspirated",""
"INOVARAG6","Galliate Meteo by Gigi","Galliate","Davis Vantage Pro2",""
"INOVARAG9","","Gozzano","",""
"IPIEMONT27","Novara Bicocca","Novara","FWS 20",""
"INOVARAS2","Soriso","Soriso","Davis Vantage Pro2",""
"INOVARAT2","novara","Trecate","DAVIS VP2 Wireless",""
"IORISTAN2","OristanoMeteo","Oristano","Davis Vantage pro2",""
"IOTOLBIA2","Olbia","Olbia","Davis Vantage Pro2 (Wireless)",""
"IPADOVAP5","","Ponte San Nicolo","Davis VP2 wireless",""
"IVENETOS20","","Santa Giustina In Colle","WH1080",""
"IPALERMO26","","Capaci","Oregon Scientific WMR928NX",""
"IPALERMO16","","Cefalu","La Crosse WS 2350",""
"IPALERMO21","","GIBILMANNA","",""
"ISICILIA83","Termini Alta","Termini Imerese","De Agostini Meteo",""
"IPARMABA2","Segarati","Bardi","PCE-FWS 20",""
"IPARMAIT2","","Castellina Di Soragna","",""
"ILOMBARD188","Pizzofreddo","Pizzofreddo","Davis Vantage Pro2",""
"IPDPADOV3","Padova","Padova","Vantage Vue",""
"IPDSELVA1","","Selvazzano Dentro","Davis Vantage Pro 2 - Daytime Fan",""
"IPEPESCA2","","Pescara Viale Marconi","WMR88",""
"IPERUGIA7","Gruppo Comunale di Protezione Civile","Citta Di Castello","Davis Vantage Pro 2",""
"IPERUGIA19","","Citta' Della Pieve (PG)","Oregon Scientific wmr200",""
"I90579699","San Mariano","Corciano","WS 2300",""
"IPERUGIA9","Olmeto","Marsciano","Davis Vantage Pro2 Plus",""
"IPERUGIA11","Case Bruciate Meteo","Perugia","Lacrosse WS2350",""
"IPERUGIA22","Monte Cucco","Sigillo","Sint Wind PI",""
"IPERUGIA23","Atterraggio Sigillo","Sigillo","Sint Wind PI",""
"IPESCARA9","Pescara Colle Marino","Pescara","La Crosse WS-2305",""
"IPESCARA1","Pescara","Montesilvano","Ultimeter 2000",""
"IPGSANTA2","","Santa Maria degli Angeli","Oregon Scientific WMR200",""
"IPGSPOLE2","Terzo San Severo","Spoleto","Fine Offset",""
"IPIEDMON12","Bruino","Bruino","Netatmo Weather Station",""
"IPIEDMON8","Vigliano Biellese","Vigliano Biellese","Davis Vantage Pro2 (Wireless)",""
"IPIEMONT133","","Asti","",""
"IPIEMONT119","Meteo Borgofranco","Borgofranco D'Ivrea","Lacrosse WS2350",""
"IPIEMONT51","","Cafasse","La Crosse WS 2350",""
"IPIEMONT113","Torino","Candiolo","pce fws 20",""
"IPIEMONT53","","Casale Monferrato","Davis Vantage Vue",""
"IPIEMONT139","","Castellamonte","Dea",""
"ITORINOC5","","Cavagnolo","Davis Vantage Pro",""
"IPIEMONT111","","Cerrione","WMR200",""
"IPIEMONT26","CIRIE'","Cirie","la crosse ws2355",""
"IPIEMONT83","","Corio","Davis Vantage Pro 2",""
"IPIEMONT69","","Dormelletto","WM 918",""
"IPIEMONT110","Cuneo","Entracque","WS-2800",""
"IPIEMONT104","Rouges","Galliate","WMR180",""
"IPIEMONT128","Novara","Galliate","Davis Vantage Pro2 Plus (Wireless)",""
"IPIEMONT132","","Gattico","PCE-FWS 20",""
"IPIEMONT108","Grignasco","Grignasco","Davis Vantage Vue",""
"IPIEMONT70","Colle di Tenda - Limonetto","Limone Piemonte","La Crosse WS2300",""
"IPIEMONT35","","Livorno Ferraris","De Agostini-Meteonetwork",""
"IPIEMONT92","","Moncalieri","",""
"IPIEMONT100","Mongrando (BI)","Mongrando","Davis Vantage Pro2 (Wireless)",""
"IPIEMONT121","Parella","Parella","Davis Vantage Pro2 Plus (Cabled)",""
"ITURINPE1","ME-SIS","Pecetto Torinese","Davis Vantage Pro 2",""
"IPIEMONT135","Alessandria - Piemonte","Pietra Marazzi","Davis VP2 Plus",""
"IPIEMONT58","PiovÃ  Massaia","Piova Massaia","Oregon Scentific WMR200",""
"IPIEMONT103","","Rivalba","Lacrosse Ws-2800",""
"ITORINOR6","Rivalta Di Torino","Rivalta di Torino","Davis Vantage Pro2 (Cabled)",""
"IPIEMONT126","","Sagliano Micca","Davis Vantage Pro2",""
"IPIEMONT16","","San Paolo Solbrito","Davis Vantage Pro 2",""
"IPIEMONT129","","Sozzago","Oregon Scientific WMR180",""
"IPIEMONT73","Tesoriera Borgata Parella","Torino","",""
"IPIEMONT107","Torino Ovest","Torino","Davis vp 2plus",""
"IPIEMONT112","Barriera di Milano","Torino","",""
"IPIEMONT140","EW3472","Torino","Stazione meteo Davis Vantage Vue",""
"IPIEMONT86","tortona","Tortona","",""
"IPIEMONT20","SALA 1 ALM Vercelli","Vercelli","",""
"IPIEMONT72","Villar Focchiardo","Villar Focchiardo","Netatmo Weather Station",""
"IPIEMONT101","Villar Focchiardo","Villar Focchiardo","WS-1080",""
"IPIEMONT48","Pozzolo Formigaro","Pozzolo Formigaro","MeteoNetwork - CEM - Palomar",""
"IPISACAP2","Montopoli in val d'Arno","Capanne","other",""
"IN9PISAC1","Colline Metallifere, 595 m","Castelnuovo di Val di Cecina","Davis VP2",""
"IPISACAS5","Valle del Pavone, 360 m","Castelnuovo Di Val Di Cecina","Davis Vantage Vue",""
"IPISACAS6","Vado la Lepre, 800 m","Castelnuovo Di Val Di Cecina","Davis Vantage",""
"IPISAFAU2","Fauglia","Fauglia","Davis Vantage Pro2 (Wireless)",""
"IPISAPIS2","","Pisa","Oregon WMR928NX",""
"IPISAPOM2","Croce di Bulera 253 m","Pomarance","Davis Vantage Pro2",""
"IPISTOIA4","","Campotizzoro","davis vantage vue",""
"IPISTOIA3","Momigno (PT)","Momigno","Davis Vantage Vue",""
"IPISTOIA5","","MACCHINO","PCE FWS-20",""
"IFRIULIV4","","Fontanafredda","Davis Vantage PRO 2",""
"IPNPIELU2","Castello Ceconi (Pielungo)","Pielungo","",""
"IPORDENO13","","Maniago","De Agostini",""
"IPORDENO11","","Pasiano","Davis Vantage pro 2",""
"IPORDENO5","","Roveredo In Piano","Davis Vantage Pro2 Plus",""
"IPORDENO6","","Roveredo In Piano","",""
"IPORDENO8","Roveredo in Piano","Roveredo In Piano","De Agostini",""
"ITIME3","Sacile Meteo","Sacile","Davis Pro 2",""
"IPOTENZA7","Pignola","Pignola","Lacrosse ws2800",""
"ITOSCANA124","","Prato Est","urbana",""
"IPRATOTO3","","Carmignano","Oregon WMR 968",""
"IPTPESCI2","","Pescia","Davis Vantage Vue",""
"IMARCHEM6","Ca'Gallo","Ca' Gallo - Montecalvo In Foglia","LaCrosse WS2800",""
"IPUFANO2","MeteoFano","Fano","Davis Pro2 plus",""
"IPUMONTE2","Montelabbate","Montelabbate","LaCrosse WS3600",""
"IPUGLIAA10","MeteoAcquaviva.it","Acquaviva Delle Fonti","Davis Vantage Vue (Wireless)",""
"IPUGLIAA7","","Altamura Est","STAZIONE METEO DEAGOSTINI",""
"IPUGLIAB8","Bari","Bari","Davies Vantage Vue",""
"IPUGLIAB9","bitritto","Bitritto","davis",""
"IPUGLIAC9","Bari","Capurso","Lacrosse WS2350, schermo passivo Davis",""
"IPUGLIAS3","","Cerfignano","",""
"IPUGLIAL3","","Lequile","",""
"ILECCEMA2","","Maglie","La Crosse ws 2308",""
"IITALYMO2","Monte Caccia","Monte Caccia","WMR-968",""
"IPUGLIAM2","","Morciano Di Leuca - Torre Vado","",""
"IPUGLIAN2","","Nardo' #1","Davis VP2",""
"IPUGLIAN4","","Nardo' #2","TFA Nexus",""
"ILENOVOL2","","Novoli","WS2350",""
"ILECCESU3","","Soleto","",""
"IPUGLIAT14","Sovereto (Terlizzi Est)","Terlizzi","Irox Pro X",""
"IPUGLIAT4","","Tuglie","Lacrosse WS-2300",""
"IPUGLIAV2","Adriatic sea Southern Italy","Vieste","DAVIS PRO 2 cable",""
"IPVTORRE1","Pavia town (2Km)","Torre D'Isola","other",""
"IPOTENZA6","Pignola","PIGNOLA","La Crosse 2800",""
"IPZPOTEN2","meteo.apotenza.it","Potenza","Davis Advandage Pro 2",""
"IPZTITO1","Terme di Tito","Tito","La Crosse WS2010",""
"IMILANOM7","MILANO LORENTEGGIO","Milano","Davis Vantage Pro 2",""
"IRACASOL2","Casola Valsenio","Casola Valsenio","Davis Vantage 2 Pro",""
"IRARAVEN2","Lido di Savio","Ravenna","Davis Vantage Pro 2",""
"IRAGUSAD2","Donnalucata","Scicli","oregon scientific wmr200",""
"IRAVENNA9","","Brisighella (Monteromano)","Davis Vantage Pro",""
"IRAVENNA8","","Ravenna","",""
"IREGGIOE5","Meteo Scandiano","Scandiano","Davis Vantage Pro 2",""
"IREGGIOE6","","Albinea","davis vantage pro 2",""
"IRIETINE2","","Nesce(RI)","o.s. wmr968",""
"IRIETISC2","","Scandriglia","Peet Bros 2100",""
"IRIMINIR5","Rimini Zona Palas","Rimini","Davis Vp2",""
"IRIMINIV2","","Villa Verucchio","Davis Vantage Vue",""
"IRIMINIE2","IEMILIAR30","BELLARIA (RN)","DAVIS Vantage PRO2",""
"IRIMINII2","Rimini","Vergiano","PCE FWS",""
"IRMCASTE2","","Castel Gandolfo","Davis Vantage Pro 2 wireless",""
"IRMGALLI2","Gallicano nel Lazio (Rm) SMG1","Gallicano Nel Lazio","Davis Vantage Pro2",""
"IRMLARIA3","lariano centro","Lariano centro","other",""
"IROMAMEN2","","Mentana","WS2350",""
"IRMMONTE3","Monte Compatri","Monte Compatri, Roma","Davis Vantage Vue",""
"IRMROCCA2","Pratoni del Vivaro","Rocca Di Papa","Davis Vantage Pro 2",""
"IRMROMA10","","Roma","",""
"IRMROMA12","","Roma / Trieste-Salario","PCE-FWS 20",""
"IRMROME2","Ladispoli","Rome","Weather Monitor II",""
"IRMROME5","Centocelle","Rome","Weather Monitor II",""
"IRMROME15","Spinaceto","Rome","",""
"IRMROME16","Collina Lanciani - Pietralata","Rome","other",""
"IRNRIMIN2","Rimini","Rimini","",""
"IROMACAP2","Capena","Capena","Oregon Scientific Professional Weather Center",""
"ILAZIORO37","","Fonte Laurentina (EUR)","La Crosse WS-2350",""
"IROMAGRO2","","Grottaferrata","Davis Vantage Pro 2",""
"IROMAGUI3","","Guidonia Montecelio","Davis Vantage Vue",""
"IROMALAD2","Torre Flavia","Ladispoli","Stazione De Agostini",""
"IROMELID3","Lega Navale Ostia","Lido di Ostia","Davis Vantage 2",""
"IROMARIG2","Morlupo","Morlupo","Davis Vantage Pro 2",""
"IROMAMOR2","Morlupo","Morlupo","Oregon WMR 88",""
"IROMAOLE2","","Olevano Romano","Fine Offset WH3080",""
"IROMAPAL2","PALESTRINA","Palestrina","LaCrosse WS 3600",""
"IROMAPAL6","PALESTRINA VISTA SU MONTI PRENESTINI","Palestrina","La Crosse",""
"IROMAROM10","Villa Borghese","Roma","Oregon",""
"IROMASAN2","San Cesareo","San Cesareo","La Crosse WS2350",""
"IROMAITA4","","Genazzano","Lacrosse 2357",""
"IMASSACA4","Ronchi","Massa","WS20-PCE",""
"ISALERNO11","Universita' - Campus di Baronissi","Baronissi","",""
"ISALERNO9","Universita' - Rettorato","Fisciano","",""
"ISALERNO8","","Roscigno","PCE-FWS 20",""
"IBENEVEN2","meteo laiano","Laiano","Vantage Pro 2 plus",""
"IORISTAN5","","ASUNI","Davis VP2",""
"ISARDEGN48","Bitti","Bitti (NU)","Technoline WS 2350",""
"ISARDEGN44","Erika Petroli","Buddusò","LaCrosse ws 2355",""
"ISARDEGN6","Genneruxi","Cagliari","Davis Vantage Pro 2 plus",""
"ISARDEGN10","Guspini, Sardegna","Guspini","Davis Vantage Pro 2",""
"ISARDEGN27","","Ozieri","La crosse WS2350",""
"ISARDEGN8","Quartu Sant'Elena","Quartu Sant'Elena","LaCrosse WS-2350",""
"ISARDEGN9","","San Vito","Irox Pro-X",""
"ISARDEGN5","SestuMeteo","Sestu","Davis VP2 Oregon WMR 100",""
"ISARDEGN30","Vicino a OrrÃ¬","Tortoli","PCE FWS-20",""
"ISARDEGN41","","TULA","PEET BROS ULTIMETER 2100",""
"ISARDEGN32","Iglesias","Meteo Iglesias","WS 2355",""
"ISARDINI4","Pula (CA) Zona S'Abuleu","Sardinia","Ambient Weather WS-1200-IP (Wireless)",""
"ISAVONAB2","Bardineto","Bardineto","Elecsa",""
"ISAVONAB3","Borghetto Meteo di IZ1AZS","Borghetto Santo Spirito","Oregon Scientific WRM 88",""
"ISAVONAC2","Savona","Celle Ligure","Davis Vantage Pro 2",""
"ISAVONAP2","Palo di Sassello","Sassello","LaCrosse WS2355",""
"ISAVONAV3","IK1AMC Weather Station","Vado Ligure","Lacrosse",""
"IGENOVAG10","Sestri Ponente S.Elia","Sestri Ponente S.Elia","davis vantage pro 2 wireless",""
"IPALERMO6","Carini (PA)","(*MeteoSicilia*)","Oregon Scientific WMR 928 NX Wireless",""
"ISICILIA36","","855slm..Petr.Soprana","Tecnoline ws2300",""
"ISICILIA23","","Altofonte","La Crosse WS2315",""
"ISICILIA78","Barcellona Centro","Barcellona Pozzo Di Gotto","VANTAGE PRO DAVIS 2 WIRELESS",""
"ISICILIA97","Barcellona Pozzo di Gotto Nord-Est","Barcellona Pozzo Di Gotto","Ultimeter 2100",""
"IITALYBR2","BRONTE","Bronte","Davis VP2 Wireless",""
"ISICILIA121","Stazione Meteo Buccherese","Buccheri","Oregon Scientific Professional Weather Center",""
"ISICILIA100","via napoleone colayanni 530 metri s.l.m","caltanissetta","watson solar mk2",""
"ISICILIA66","","Cammarata","PCE-PWS 20",""
"IPALERMO17","","Capaci","Meteonetwork",""
"ISICILIA115","Palermo","CARINI","La Crosse WS-2350",""
"ISICILIA81","Cefalu","Cefalu","Davis Vantage Pro2 (Wireless)",""
"ISICILIA91","Lipari - Isole Eolie","Lipari","other",""
"ISICILIA77","","Mazara Del Vallo","DAVIS VANTAGE PRO2",""
"IMEMESSI4","MagliaMeteo","Messina","WMR-918",""
"ISICILIA96","Torre Faro","Messina","Davis Vantage Pro 2",""
"ISICILIA122","Messina centro","Messina","WS2350",""
"ICTMIRAB2","","Mirabella Imbaccari","Davis Vantage Pro 2 Cablata",""
"ISICILIA19","Centro citta', City center","Palermo","OREGON wmr200",""
"ISICILIA37","Piazza Villagrazia (PA) *MeteoSicilia*","Palermo","Davis 6152 Wirelles with DayTime Fan-Aspirated Radiation",""
"ISICILIA82","Casa Teatro Massimo","Palermo","La Crosse WS 2355",""
"ISICILIA88","Troppobellissima - Parco d'Orleans","Palermo","DAVIS Vantage Pro2 with 24 hours Fan-Aspirated Radiation Shield",""
"ISICILIA102","Aeroclub di Palermo - Boccadifalco","Palermo","Davis 6152",""
"ISICILIA95","On the slopes of Etna","Pedara (CT)","Oregon WMRS200",""
"ISICILIA50","On the slopes of Etna","Pedara (CT), (*MeteoSicilia*)","La Crosse WS2357",""
"ISICILIA86","V.le della Rinascita","San Cataldo","Cresta WXR815LM",""
"ISICILIA118","","San Michele","Davis Vantage Pro2",""
"ISICILIA114","","Santa Ninfa","LA CROSSE WS 2355",""
"ISICILIA67","","Siracusa","",""
"ISICILIA104","Augusta - Monte Tauro","Siracusa","Davis Vantage Pro 2",""
"ISICILIA71","","Sortino","DAVIS VP2 WIRELESS PLUS",""
"ISICILIA98","TERMINI IMERESE","TERMINI IMERESE","DAVIS VANTAGE VUE",""
"ISICILIA9","Torre Faro Messina","Torre Faro, Messina","Davis Pro2",""
"ISICILIA120","Messina house","Villabate","Oregon WMR88",""
"ISICILIA87","","Vittoria","Peet Bros",""
"ICALTANI4","MUSSOMELI","Mussomeli (CL)","DeAgostini - Meteonetwork - EpsonMeteo",""
"ICATANIA9","Catania - Trappeto Nord","(*MeteoSicilia*)","Davis VP2 Wireless",""
"ISICILYP2","Portella della Paglia - Giacalone (PA)","(*MeteoSicilia*)","Davis VP2 Wireless",""
"ISICILYC4","Mascalucia (CT)","(*MeteoSicilia*)","Oregon WMR928nx",""
"ISICILYC9","S. G. la Punta - Trappeto (CT)","(*MeteoSicilia*)","Davis VP2 Plus",""
"ISICILYA2","S.Maria Ammalati","(*MeteoSicilia*)","Davis Vantage Pro 2 Cabled",""
"ISICILYM11","Augusta - Monte Tauro (SR)","(*MeteoSicilia*)","Davis Vantage VUE",""
"ISICILYA3","Acquedolci (ME)","(*MeteoSicilia*)","Davis Vantage pro 2",""
"ISICILYM5","Marineo (PA)","(*MeteoSicilia*)","Davis Vantage Pro 2",""
"ISICILYM6","Nicolosi (CT)","(*MeteoSicilia*)","Davis VP2 Wireless",""
"ISICILYT2","Trecastagni","(*MeteoSicilia*)","Davis Vantage Pro 2 Wireless",""
"ISICILYM7","Gravina di Catania","(*MeteoSicilia*)","Davis VP2 Wireless",""
"ISICILYM9","Augusta","(*MeteoSicilia*)","Oregon WMR928NX con schermo solare passivo Davis",""
"ISICILYM13","Catania Ovest - Telegrafo Vecchio","(*MeteoSicilia*)","Davis VP2 Plus",""
"ISICILYM14","San Giovanni La Punta - Nord","(*MeteoSicilia*)","Davis VP2 Wireless",""
"ISICILYC10","Zona Industriale - Catania","(*Meteosicilia*)","Pro Vantage 2",""
"ISICILYM17","Calatabiano - (CT)","(*MeteoSicilia*)","Davis VP2 Wireless",""
"ISICILYM19","Nesima - Catania","(*MeteoSicilia*)","Davis VP2 Wireless",""
"ISICILYM15","Mascalucia Nord - C.da Ombra","*MeteoSicilia*","Davis VP1 Wireless",""
"ISICILYM16","Capri Leone (ME)","*MeteoSicilia*","Davis VP2 Wireless",""
"ISICILYC2","Etna Nord - Piano Provenzana","Catania, (*MeteoSicilia*)","Davis VP2 Wireless",""
"ISICILYC3","Acitrezza","Catania, (*MeteoSicilia*)","Davis VP1 Wireless",""
"ISICILYP5","","Palermo S.Lorenzo","La CROSSE WS 2350",""
"ISICILYP4","Piazza Europa - Palermo NW","Palermo, (*MeteoSicilia*)","Davis VP2 Cabled",""
"ISICILEP2","Meteo","Pozzallo","LA CROSSE WS-2300",""
"ISIENACH1","Chiusi","Chiusi","Davis Vantage VUE",""
"ISIENACH4","Chiusi","Chiusi","Davis Vantage VUE",""
"ISIENAPO2","Poggibonsi","Poggibonsi","PCE FWS-20",""
"ISIENATO2","Siena","Torrita Di Siena","Davis Vantage Pro 2",""
"ISIRACUS6","","Palazzolo Acreide","Davis Vantage Pro2 wireless",""
"ISOTIRAN2","","TIRANO","Davis Vantage Pro 2",""
"ISORRENT2","Priora","PRIORA (fraz. Di Sorrento) Osservatorio Astronomico Privato","Davis Vantage Pro2 Fan-Aspirated Radiation Shield",""
"ILECCEGA1","","GALLIPOLI","DAVIS Vantage Pro 2",""
"ISPLASER2","La Serra","Lerici","PCE-FWS-20",""
"ILIGURIA87","Monte Rocchetta, Lerici","Lerici","La Crosse WS2355",""
"ICARLENT2","Carlentini","Carlentini Nord (*Meteosicilia*)","Oregon Wmr 928",""
"ISSPORTO2","CORMORANO MARINA","Porto Torres","DAVIS Weather Monitor II",""
"ISDTIROL2","","39020 - Schnals","Davis Vantage Pro 2 plus aktiv spezial",""
"ITRENTIN17","Wetterstation Lajen 1040m Italien","Lajen","Davis Vantage Pro2 & WeatherLink",""
"ITERAMOC3","","Controguerra","cresta pmt-980",""
"ITERAMOT8","","Tortoreto","davis vantage vp2",""
"IUMBRIAS3","San Gemini (TR)","San Gemini","Davis Vantage Pro2 (Cabled)",""
"ITERNIAR2","","CASTELDILAGO mt. 270","DAVIS VANTAGE PRO2 Kit Day Time",""
"ITNBEDOL2","","Bedollo","La Crosse Heavy weather",""
"ITNCUSIA2","Trento","Cusiano Di Ossana","Davis Vantage Pro2",""
"ITNMORI1","","Mori","DAVIS WEATHER MONITOR II",""
"ITNPADER1","Padergnone","Padergnone","Davis Vantage Pro 2",""
"ITNPOZZA1","Pozza di Fassa","Pozza di Fassa","La Crosse WS 2300",""
"ITNTERZO1","Val di Sole - Trentino","Terzolas","Davis",""
"ITNVEZZA2","Vezzano","Vezzano","Oregon",""
"ITOCAFAS1","Cafasse","Alpi Graie Meridionali","Vantage Pro2",""
"ITOCASTA2","","CASTAGNOLE Piemonte","Fine Offset VH 1080",""
"ITOGIAVE2","","Giaveno","oregon scientific WMR88",""
"ITOTORIN3","","San Mauro Torinese","oregon wmr-968",""
"ITOSETTI2","","Settimo Vittone","Davis Pro2",""
"ITOTORIN9","Cit Turin - Piazza Benefica","Torino","other",""
"ITOTORIN10","Torino","Torino","CRESTA",""
"ITURINBI1","Pinerolo","Bibiana","Oregon Scientific WMR928NX",""
"ITORINOC6","","Caluso","Davis Vantage Pro 2",""
"ITORINOC3","","Castagneto Po, MNW/CEM","Davis Vantage Pro 2",""
"ITORINOC10","Torino","Chieri","LaCrosse ws 2350",""
"ITORINOV3","","FRAZ. BERT - VILLAR DORA","PCE FWS-20",""
"ITONICHE1","","Nichelino","MNW-CEM-Davis vantage pro",""
"ITORINOP2","PINEROLO, Ponte Chisone","PINEROLO","Davis Vantage Pro2 Plus (Wireless)",""
"ITORINOR5","","RIBORDONE","Davis Vantage Pro",""
"ITORINOT3","Tavagnasco","Tavagnasco","LaCrosse WS-2350",""
"ITOSCANA93","Arezzo ITIS","Arezzo","Davis Vantage Pro2",""
"ITOSCANA9","","Baccinello","PCE-FWS 20",""
"ITOSCANA112","Firenze","Bagno A Ripoli","Davis Vantage Vue (Wireless)",""
"ITOSCANA81","","Borgo San Lorenzo","Oregon Scientific",""
"ITOSCANA23","","Calci","Lacrosse WS2350",""
"ITOSCANA32","","Campi Bisenzio","La-Crosse WS2350",""
"ITOSCANA8","La Serra","Carmignano (PO)","Davis Vantage Vue",""
"ITOSCANA113","San Casciano","Cascina","PCE-FWS 20",""
"ITOSCANA126","Strada in Casentino","Castel San Niccolo","PCE-FWS 20",""
"ITOSCANA60","Neri Cavriglia","Cavriglia","LaCrosse Weather Pro Center 2800 Series",""
"ITOSCANA120","San Casciano in Val di Pesa","Chiesanuova in Val Di Pesa","pce-fws 20",""
"ITOSCANA128","","Chiusi","Davis vantage VUE",""
"ITOSCANA106","Colle Bisenzio","Colle Bisenzio","Davis Vantage Vue",""
"ITOSCANA39","pescia","Collodi","Davis Vantage Pro2 Plus (Wireless)",""
"ITOSCANA121","Cortona","Cortona","Oregon Scientific WMR88",""
"ITOSCANA70","Firenze Meteo Live","Firenze","Davis Vantage pro 2",""
"ITOSCANA75","","Firenze, Mantignano","PCE-FWS 20",""
"ITOSCANA104","","Fucecchio","Davis Vantage VUE - Apple Computer MacPro XeonQuad e PowerMac G5 Dual 2.3",""
"ITOSCANA117","Arezzo","Il Matto","DAVIS VP2",""
"ITOSCANA135","","Lucca","PCE FW20",""
"ISIENACH3","Chiusi","Macciano","Davis Vantage PRO 2 Plus",""
"ITOSCANA111","","Montale","Davis Vantage Vue",""
"ITOSCANA140","Montepulciano","Montepulciano","",""
"ITOSCANA85","Paese di Montescudaio","Montescudaio","OS WMRS 200",""
"ITOSCANA136","Nugola","Nugola","PCE-FWS 20",""
"ITOSCANA110","Pescia - Duomo","Pescia","WH 1081 PC",""
"ITOSCANA10","","Pisa","LA CROSSE WS-2350",""
"ITOSCANA145","center town","Pistoia","PCEFSW20",""
"ITOSCANA69","","Quarrata SE","PCE-FWS 20",""
"ITOSCANA72","","San Donnino","LaCrosse WS2300",""
"ITOSCANA22","","San Giuliano Terme","davis vantage pro",""
"ITOSCANA55","","San Marcello Pistoiese","Oregon Scientific WMR180",""
"ITOSCANA132","monte cetona","Sarteano","Davis Vantage Pro 2 Cablata",""
"ITOSCANA86","sesto fiorentino","Sesto Fiorentino","Meteonetwork",""
"ITOSCANA52","San Giovanni delle Contee","Sorano","Meteo Control",""
"IPOVAIAN2","Vaiano Sofignano","Val Bisenzio","DAVIS VANTAGE PRO",""
"IPRATOVA2","Vaiano Schignano","Val Bisenzio","Davis Vantage Pro 2 Plus",""
"IPOMONTE2","Montepiano Vernio","Val Bisenzio","Davis Vantage Vue",""
"ITOSCANA78","Massa Marittima","Valpiana","wmr200",""
"ITOSCANA56","","Viareggio","davis vantage vue",""
"ITOSKANA2","San Lorenzo","Arezzo","",""
"ITRENTIN48","Arco","Bolognano","Davis Vantege 2",""
"ITNCAVAL1","","Daiano","Davis Vp2",""
"ITRENTIN25","Levico Terme","Levico Terme","La Crosse WS3650",""
"IBZMERAN2","","Meran","Davis Vantage PRO 2 6153",""
"ITRENTIN15","","Pian dei Pradi - Vattaro","PEET BROS ULTIMETER 2100",""
"ITNPREDA1","","Predazzo","Davis Vantage Pro",""
"ITRENTIN66","Passo Feudo 2200 metri","Predazzo","Davis vantage pro 2",""
"ITRENTIN3","Varone","Riva del Garda","Davis Vantage Pro 2",""
"ITNTRENT2","Trento","Romagnano","Davis VP2",""
"ITRENTIN23","Rovereto","San Giorgio","Davis Vantage Pro2",""
"ITRENTIN1","","Sover","Oregon wmr 928 nx",""
"ITRENTIN95","Bolzano, Center","Bolzano","other",""
"ITRENTIN87","Telve Valsugana","Telve","other",""
"ITRENTIN88","Villazzano (TN)","Trento","Davis Vantage Vue (Wireless)",""
"ITRENTIN49","","Avio","Davis Vantage Pro 2",""
"ITRENTIN46","Meran","Meran","Davis Vantage Pro 2",""
"ITRENTIN75","Siusi allo Sciliar","Siusi Allo Sciliar","other",""
"ITRENTIN50","","Bruneck 838m","Reinhardt MWS 9",""
"ITRENTIN54","Hotel Interski","Hotel Interski, Santa Cristina Valgardena","Vantage 2 Pro",""
"ITRENTIN51","","Niederdorf","Davis Vantage Pro",""
"ITRENTIN65","Familienalm Taser","Scena","PWS",""
"ITRENTOA3","","Ala","Davis Vantage Pro2",""
"ITRENTOA2","Arco","Arco","Oregon Scientific WMR-918",""
"ITRENTOC1","Ceola di Giovo","Ceola Di Giovo","Davis Vantage Pro2",""
"ICONDINO3","","Condino","PCE-FWS20",""
"ITRENTOS2","Valli Giudicarie-Trentino","SAONE","Lacrosse ws3600",""
"ITRENTOT4","","Transacqua","PCE-FWS 20",""
"I90580207","","AVIO","oregon scientific WMR 200",""
"IVENETOM18","","Mogliano Veneto","Davis Vantage Pro 2",""
"ITREVISO6","Resana Centro","Resana","Davis Vantage Vue",""
"ITREVISO7","","Signoressa","Davis Vantage Pro 2",""
"ITRIESTE8","","Muggia","OS WMR928NX",""
"ITSTRIES1","Antiche Velerie del Lloyd Triestino","Trieste","Ambient Weather WS-2090 (Wireless)",""
"ITUSCANY3","Prato di Strada","Castel San Niccolo","PCE-FWS 20 (WH1080) Openmoko Freerunner",""
"ITUSCANY11","Val d'Orcia","Castiglione Dorcia","Davis Vantage Pro2 (Wireless)",""
"ITUSCANY6","Serra Piante Grasse","Florence","Davis Vantage Pro2 (Cabled)",""
"ITUSCANY4","Palagnana, Italy","Pescaglia","Ambient Weather WS-2090 (Wireless)",""
"ITUSCANY12","Capraia e Limite","Tuscany","Davis Vantage Pro2 (Wireless)",""
"ITVBORSO2","Bassano del Grappa","Borso Del Grappa","tb1080wc",""
"ITVTREVI2","","Treviso","Fine Offset W8681",""
"ITREVISO9","Vidor TV Italy","Vidor","other",""
"IUDUDINE1","","Udine","Davis Vantage Pro",""
"ILIGNANO2","lignano sabbiadoro","Lignano Sabbiadoro","Davis Vantage Pro2",""
"IUDINEPR3","","Prepotto","lacrosse ws 2800",""
"IFRIULIV65","","Tarcento","Davis vantage vue",""
"IUMBRIAS5","","Acquavogliera - San Gemini (TR)","Oregon Scientific WMR-88",""
"IUMBRIAC6","Castiglione del Lago","Castiglione Del Lago","Davis Vantage Vue",""
"IUMBRIAC7","Costacciaro","Costacciaro","PCE-FWS 20",""
"IUMBRIAG2","Palazzo Mancinelli di Gualdo Tadino","Gualdo Tadino","Vantage pro 2 with aspirated radiation shield",""
"IUMBRIAM3","Montignano","Montignano","Davis Vantage Pro2 (Wireless)",""
"IUMBRIAO2","Orvieto","Orvieto","LaCrosse WS 2350",""
"IUMBRIAO3","localita' Padella Orvieto","Orvieto scalo","meteo De Agostini",""
"IUMBRIAA4","","Palazzo di Assisi","La Crosse WS2350",""
"IUMBRIAP3","","Perugia","Davis Vantage Pro2 - iMac -LWC2 software",""
"IUMBRIAP6","piegaro PG","Piegaro","vantage pro2",""
"IUMBRIAU2","Agriturismo Preggio","Preggio","Vantage Pro 2",""
"IUMBRIAS7","Podere Calzone","San Venanzo","Davis Vantage Pro2 Plus (Wireless)",""
"IUMBRIAS2","Stroncone","Stroncone","Davis Vantage pro2 ventilata",""
"IUMBRIAT9","","Tavernelle","Oregon WMR88",""
"ITRTERNI2","Terni - zona staino","Terni","other",""
"IUMBRIAT11","Terni - La Passeggiata","Terni","tfa sinus",""
"IUMBRIAU6","Casa Nova, Monte Bastiola","Umbertide","Davis Vantage Pro2 (Wireless)",""
"IVACOCQU2","Cerro, Caldana","Cocquio Trevisago","Davis Vantage Vue",""
"IVAGEREN2","","Gerenzano","Deagostini",""
"ILOMBARD65","","Tradate","",""
"IVALLEDA9","La Thuile","La Thuile","Davis Pro 2 wireless",""
"IPIATEDA2","*** METEO PIATEDA ***","Piateda (SO)","Davis Vantage Pro 2 Plus - 24h fan",""
"IVARESEB6","","Besozzo","Davis Vantage Pro 2",""
"IVARESEC3","Cavaria con Premezzo","Cavaria Con Premezzo","Davis Vantage Pro2 Plus (Wireless)",""
"IVARESEC5","CAVAGNANO","cuasso al monte","davis vantage pro2",""
"IVARESEV1","Bobbiate","Varese","Davis Vantage Pro 2",""
"IVARESEV2","","Vedano Olona","WH-1081",""
"IVENETOA8","","Abano Terme","urbana",""
"IVENETOA11","Arqua Polesine","Arqua Polesine","other",""
"IVENETOA2","ARZIGNANO","Arzignano","DAVIS VP2 WIRELESS",""
"IVENETOA6","","Arzignano","Davis Vantage Vue",""
"IVENETOA3","","Asiago","Davis Vantage Pro2 Wireless 6163EU",""
"IVENETOB3","","Bassano Del Grappa","Davis Vantage pro Plus",""
"IVENETOB9","Bassano del Grappa","Bassano Del Grappa","Davis Vantage Vue",""
"IVENETOD3","Battaglia Terme","Battaglia Terme","PCE-FWS20",""
"IBELLUNO22","Belluno - Giamosa","BELLUNO","Oregon Scientific Professional Weather Center",""
"IVENETOB11","Mier","Belluno","lacrosse ws2355",""
"IVENETOL9","","Brugine","Davis Vantage Pro 2 Plus",""
"IVENETOC45","Camporovere","Camporovere","Oregon Scientific Professional Weather Center",""
"IVICASTE2","","Castelgomberto (VI)","Davis Vantage Pro2 Plus Wireless",""
"IVENETOC42","Cerea -VR-","Cerea","LaCrosse Weather Pro Center 2800 Series",""
"IVENETOC15","Via Centenere 9","Cesiomaggiore BL","De Agostini",""
"IVENETOC11","","Cima Grappa","Davis Vantage pro 2 cablata",""
"IVENETOC17","","Cittadella","La crosse WS2350",""
"IVENETOC20","","Crespano Del Grappa","la crosse ws2357",""
"IVENETOF10","Pieve di Soligo","Falzè Di Piave","Davis VP2",""
"IVENETOF5","","Feltre","Lacrosse WS-2300",""
"IVENETOL10","","La Valle Agordina","",""
"IVENETOL4","Lonigo","Lonigo","Davis Vantage Pro2 Plus (Wireless)",""
"IVENETOM24","","Masera Di Padova","",""
"IVENETOM31","Padova","Mestrino","Davis 6153 Pro2 w/ 24-HR Fan Aspirated Shield",""
"ITVMIANE2","MIANE","MIANE","WS3600",""
"IVENETOM34","Montebelluna","Montebelluna","La Crosse WS2357",""
"IVENETOM20","","Montecchio Maggiore","",""
"IVENETOM8","","Moriago Della Battaglia","",""
"IVENETOP4","","Padova","Davis Vantage Pro 2 plus Wireless Fan aspirated",""
"IVENETOP8","","Pastrengo - VR","Davis Vantage Vue",""
"IVENETOP17","Casotto","Pedemonte","Davis Vantage Vue",""
"IVENETOP18","Pesina (VR)","Pesina","",""
"IVENETOP9","","Pieve Di Soligo","",""
"IVENETOP23","Polverara","Polverara","other",""
"IVENETOR7","","Riese Pio X","",""
"IVENETOR2","Fellette","Romano D'Ezzelino","ws2350",""
"IVENETOS18","Salcedo","Salcedo","Lacrosse WS2800",""
"IVENETOS10","","San Giorgio Delle Pertiche","LaCrosse WS2350 cablata",""
"IVENETOS16","","San Giorgio Delle Pertiche","De Agostini Meteonetwork",""
"IVENETOS4","Finestron","San Nazario","Davis Vantage Pro 2",""
"IVENETOS25","Valpolicella","San Pietro In Cariano","PCE",""
"IVENETOS9","Santa Maria di Sala","Santa Maria di Sala","Davis Vantage Pro II Wireless",""
"IVENETOT9","Thiene","Thiene","",""
"IVENETOT3","Tombolo","Tombolo (PD)","Davis Vantage Pro 2",""
"IVENETOV26","Cavallino-Treporti Beach","Veneto","Davis Vantage Pro2 Plus (Wireless)",""
"IVENETOV11","Marghera","Venezia","DeA Meteo",""
"IVENETOV7","","Verona(Saval)","La Crosse ws2355",""
"IVENETOV19","Vicenza - Via Pecori Giraldi","Vicenza","FreeTech PX1117-675",""
"IVENETOV23","Vicenza Loc. Moracchino","Vicenza","Davis Vantage Pro 2",""
"IVENETOV6","Vittorio Veneto","Vittorio Veneto","LaCrosse ws3650",""
"IVENETOV25","","Vittorio Veneto","",""
"IVENEZIA13","","Caorle","Davis Vantage Vue",""
"IVENEZIA11","Venezia","Cavarzere","DeAgostini",""
"IVENEZIA9","Sottomarina, Isolaverde","Chioggia","Davis Vantage VUE",""
"IVENEZIA8","Venezia","Dese","LA CROSSE WS 2350",""
"IVENEZIA15","","Eraclea Mare","Davis VP2",""
"IVENEZIA10","","Favaro Veneto","Davis Vantage Pro 2",""
"IVERBANO2","Verbania","Masera","Davis Vantage Pro2 Plus",""
"IVERONAV2","","Borgo Venezia - Verona-","Davis Vantage Pro2",""
"IVERONAC6","Garda Baldo","Caprino Veronese","Davis Vantage Pro2 Wireless",""
"IVERONAO2","","Oppeano","Davis Vantage PRO2",""
"IVERONAP4","Pastrengo","Pastrengo","PCE FWS20",""
"IVERONAS4","Soave","Soave","Davis Vantage Vue",""
"IVERONAC2","Cristina Capo","Castel D'Azzano","Davis Vantage Pro2",""
"IVIARZIG2","ARZIGNANO","ARZIGNANO","",""
"IVINANTO2","","Nanto","",""
"I90580848","","tezze arzignano(vi)","davis vue",""
"IVICENZA3","","Breganze","",""
"IVENETOB8","","Brendola","pce fws 20",""
"IVICENZA17","cartigliano","Cartigliano","Davis Vantage Pro 2 (24 hours fan aspirated shield))",""
"IVICENZA15","","Malo","DeAgostini",""
"IVICENZA7","","Marostica","davis vp2",""
"IVENETOM25","Marostica","Marostica","Davis Vantage Pro II",""
"IVICENZA11","Vicenza","Montebello Vicentino","other",""
"IVENETOM10","Montecchio Maggiore","Montecchio Maggiore","La Crosse WS2350 Solar Screen G1.08",""
"IVICENZA22","Val Formica - Cima Larici - Asiago","Val Formica - Asiago","davis vantage pro 2 plus",""
"IVICENZA25","Gisbenti","Valli Del Pasubio","Oregon Scientific WMRS200",""
"IVICENZA13","","Zane'","Davis Vantage Vue",""
"IVITERBO13","FASTELLO - MONTEFIASCONE","CELLENO","Stazione DE AGOSTINI",""
"IVITERBO18","","Oriolo Romano","davis pro 2",""
"ILAZIOCI6","","Civita Castellana","LaCrosse WS 2355",""
"IVRCOLOG2","Cologna Veneta (VR)","Cologna Veneta","Vantage Vue Davis",""
"IVRPEDEM2","Bassa Valpolicella","Pedemonte (VR)","Davis Vantage Pro2 Plus (Wireless)",""
"IVRVERON2","Pescantina Are","Verona","Davis Vantage Pro2 Plus.",""
